{
  "アナキン・スカイウォーカー": [
    {
      "base": 5196,
      "boost": 10392,
      "final": 8092,
      "rate_raw": 2.0,
      "rate": 2.0
    },
    {
      "base": 5979,
      "boost": 7772,
      "final": 5472,
      "rate_raw": 1.299883,
      "rate": 1.3
    },
    {
      "base": 4848,
      "boost": 5332,
      "final": 3032,
      "rate_raw": 1.099835,
      "rate": 1.1
    }
  ]
}