{
  "アナキン・スカイウォーカー": [
    {
      "base": 5834,
      "boost": 8752,
      "final": 6452,
      "rate_raw": 1.500171,
      "rate": 1.5
    },
    {
      "base": 5580,
      "boost": 8370,
      "final": 6070,
      "rate_raw": 1.5,
      "rate": 1.5
    },
    {
      "base": 5533,
      "boost": 6086,
      "final": 3786,
      "rate_raw": 1.099946,
      "rate": 1.1
    }
  ]
}